{"RuleTriggered": 0, "Violations": 0, "Details": {"cores": 2, "dataloaders": 1, "dataloading_time": {"p25": 1.292318, "p50": 1.363773, "p95": 1.532274, "probs": [1, 0, 0, 0, 0, 0, 0, 0, 0, 0, 0, 0, 0, 0, 0, 0, 0, 0, 0, 0, 0, 0, 2, 0, 1, 0, 0, 0, 0, 0, 0, 0, 0, 0, 0, 0, 0, 0, 0, 0, 0, 0, 1, 0, 0, 0, 0, 0, 0, 0, 0, 0, 0, 0, 0, 0, 0, 0, 0, 0, 0, 0, 0, 0, 0, 0, 1, 2, 0, 0, 0, 0, 0, 0, 0, 0, 0, 0, 0, 0, 0, 0, 0, 0, 0, 0, 0, 0, 0, 0, 0, 0, 0, 0, 0, 0, 0, 0, 0, 1], "binedges": [1.206502, 1.2102381, 1.2139742, 1.2177103, 1.2214464, 1.2251825, 1.2289185999999999, 1.2326546999999999, 1.2363908, 1.2401269, 1.243863, 1.2475991, 1.2513352, 1.2550713, 1.2588074, 1.2625435, 1.2662796, 1.2700157, 1.2737517999999999, 1.2774879, 1.281224, 1.2849601, 1.2886962, 1.2924323, 1.2961684, 1.2999045, 1.3036406, 1.3073767, 1.3111128, 1.3148488999999999, 1.318585, 1.3223211, 1.3260572, 1.3297933, 1.3335294, 1.3372655, 1.3410016, 1.3447377, 1.3484738, 1.3522099, 1.3559459999999999, 1.3596821, 1.3634182, 1.3671543, 1.3708904, 1.3746265, 1.3783626, 1.3820987, 1.3858348, 1.3895709, 1.393307, 1.3970430999999999, 1.4007792, 1.4045153, 1.4082514, 1.4119875, 1.4157236, 1.4194597, 1.4231958, 1.4269319, 1.430668, 1.4344041, 1.4381401999999999, 1.4418762999999999, 1.4456124, 1.4493485, 1.4530846, 1.4568207, 1.4605568, 1.4642929, 1.468029, 1.4717650999999998, 1.4755012, 1.4792372999999999, 1.4829733999999999, 1.4867095, 1.4904456, 1.4941817, 1.4979178, 1.5016539, 1.50539, 1.5091261, 1.5128622, 1.5165983, 1.5203343999999999, 1.5240704999999999, 1.5278066, 1.5315427, 1.5352788, 1.5390149, 1.542751, 1.5464871, 1.5502232, 1.5539593, 1.5576954, 1.5614314999999999, 1.5651676, 1.5689037, 1.5726398, 1.5763759, 1.580112]}}, "Datapoints": 9, "RuleParameters": "min_threshold:70\nmax_threshold:200"}