{"RuleTriggered": 0, "Violations": 0, "Details": {"step_num": {"first": 1744163565326255, "last": 1744167119233553}, "job_start": 1744163418.501733, "job_end": 1744167119.501982}, "Datapoints": 171, "RuleParameters": "threshold:20"}