{"RuleTriggered": 0, "Violations": 0, "Details": {"step_details": {"algo-1-27": {"step_stats": {"mean": 28.98142488157895, "max": 47.057276, "p99": 37.197813520000025, "p95": 29.819732099999996, "p50": 29.026343, "min": 4.679397}, "number_of_outliers": 1, "phase": "Step:ModeKeys.TRAIN", "stddev": 3.36, "probs": [2, 0, 0, 0, 0, 0, 0, 0, 0, 0, 0, 0, 0, 0, 0, 0, 0, 0, 0, 0, 0, 0, 0, 0, 0, 0, 0, 0, 0, 0, 0, 0, 0, 0, 0, 0, 0, 0, 0, 0, 0, 0, 0, 0, 0, 0, 0, 0, 0, 0, 0, 0, 0, 0, 0, 0, 0, 0, 0, 0, 0, 0, 0, 0, 0, 0, 0, 0, 0, 0, 38, 45, 57, 2, 2, 0, 0, 0, 0, 0, 2, 0, 0, 0, 0, 0, 0, 0, 0, 0, 0, 2, 0, 0, 0, 0, 0, 0, 0, 1], "binedges": [4.679397, 5.01858703, 5.35777706, 5.696967089999999, 6.0361571199999995, 6.37534715, 6.71453718, 7.05372721, 7.392917239999999, 7.73210727, 8.0712973, 8.410487329999999, 8.74967736, 9.08886739, 9.428057419999998, 9.76724745, 10.10643748, 10.44562751, 10.784817539999999, 11.12400757, 11.463197599999999, 11.802387629999998, 12.14157766, 12.48076769, 12.81995772, 13.159147749999999, 13.49833778, 13.83752781, 14.176717839999998, 14.51590787, 14.855097899999999, 15.19428793, 15.533477959999999, 15.872667989999998, 16.21185802, 16.55104805, 16.89023808, 17.22942811, 17.568618139999998, 17.90780817, 18.2469982, 18.586188229999998, 18.92537826, 19.26456829, 19.603758319999997, 19.942948349999998, 20.28213838, 20.621328409999997, 20.96051844, 21.29970847, 21.638898499999996, 21.97808853, 22.31727856, 22.656468589999996, 22.99565862, 23.334848649999998, 23.674038679999995, 24.01322871, 24.352418739999997, 24.691608769999995, 25.0307988, 25.369988829999997, 25.70917886, 26.04836889, 26.387558919999996, 26.72674895, 27.06593898, 27.405129009999996, 27.74431904, 28.083509069999998, 28.422699099999996, 28.76188913, 29.101079159999998, 29.440269189999995, 29.77945922, 30.118649249999997, 30.457839279999995, 30.79702931, 31.136219339999997, 31.47540937, 31.8145994, 32.153789429999996, 32.49297946, 32.83216949, 33.171359519999996, 33.51054955, 33.84973958, 34.188929609999995, 34.52811964, 34.86730967, 35.206499699999995, 35.54568973, 35.88487976, 36.224069789999994, 36.56325982, 36.902449849999996, 37.24163988, 37.58082991, 37.920019939999996, 38.25920997, 38.5984], "step_numbers": ["0"]}}}, "Datapoints": 171, "RuleParameters": "threshold:3\nmode:None\nn_outliers:10\nstddev:3"}